{"20130103": [0.5, 0.5, 0.5, 0.5, 0.3780792208599618], "20130104": [0.494047900228814, 0.5, 0.494047900228814, 0.5, 0.3188542608092744]}