{"20161229": [0.5, 0.4848531208913145, 0.5288141925286174, 0.5, 0.5502294557762252], "20161230": [0.5, 0.5, 0.49138016445350047, 0.4833395034305887, 0.4154815104996522]}