{"20130409": [0.5, 0.5, 0.5, 0.5, 0.3775406687981454], "20130723": [0.5, 0.5, 0.5, 0.5, 0.574442516811659]}