{"20130521": [0.5012820484723911, 0.5012820484723911, 0.5012820484723911, 0.5012820484723911, 0.34751053780725555], "20130523": [0.5012755074372074, 0.5012755074372074, 0.5, 0.5, 0.9879361584948134]}