{"20130103": [0.0, 0.0, 0.0, 0.0, -0.4977089672453911], "20130104": [-0.023809523809523832, 0.0, -0.023809523809523832, 0.0, -0.7590421551509104]}