{"20161229": [0.0, -0.060606060606060656, 0.11538461538461549, 0.0, 0.2015978325510786], "20161230": [0.0, 0.0, -0.03448275862068968, -0.06666666666666661, -0.3413502995258567]}