{"20130521": [0.0051282051282051325, 0.0051282051282051325, 0.0051282051282051325, 0.0051282051282051325, -0.63], "20130523": [0.005102040816326535, 0.005102040816326535, 0.0, 0.0, 4.405405405405405]}